{
  "__type": "QueryView:#CompAnalytics.Contracts.QueryView",
  "AllowMultiExpansion": false,
  "AutoRun": true,
  "AutoRunOnInputChange": false,
  "ChildQueryViewConnections": [],
  "ColumnDefinitions": [
    {
      "__type": "ColumnDefinition:#CompAnalytics.Contracts.QueryView",
      "Exclude": false,
      "Index": 0,
      "Name": "Id",
      "OriginalIndex": 0,
      "Type": "System.Int32",
      "UniqueName": "Id-0"
    },
    {
      "__type": "ColumnDefinition:#CompAnalytics.Contracts.QueryView",
      "Exclude": false,
      "Index": 1,
      "Name": "Group Name",
      "OriginalIndex": 1,
      "Type": "System.String",
      "UniqueName": "Group Name-1"
    },
    {
      "__type": "ColumnDefinition:#CompAnalytics.Contracts.QueryView",
      "Exclude": false,
      "Index": 2,
      "Name": "Description",
      "OriginalIndex": 2,
      "Type": "System.String",
      "UniqueName": "Description-2"
    }
  ],
  "CountQueryString": "",
  "DbConnectionId": null,
  "DbConnectionName": null,
  "Description": "Gets the DIGroup Name, Description, and Id to populate the first page of the webapp.",
  "Id": null,
  "InfiniteScroll": false,
  "IsOwner": false,
  "LiteralInputs": [],
  "Name": "DIGroups",
  "OrderClause": [],
  "OutputType": "grid",
  "PagingOptions": {
    "__type": "PagingOptions:#CompAnalytics.Contracts.QueryView",
    "AutoPaging": false,
    "DefaultOrderClause": "1",
    "FullPaging": false,
    "LimitPaging": false,
    "PageLimit": 50,
    "PageNum": 1
  },
  "Permissions": null,
  "QueryString": "SELECT Id, DIGroupName AS 'Group Name', DIGroupDescription AS 'Description' FROM DIGroups ORDER BY DiGroupName ASC;",
  "QueryTimeout": null,
  "QueryViewActions": [],
  "QueryViewLinks": [],
  "SearchInputs": [
    {
      "__type": "SearchInput:#CompAnalytics.Contracts.QueryView",
      "AcceptParentOverride": false,
      "ChoiceQuery": "SELECT DISTINCT Id FROM DIGroups",
      "DataType": "Number",
      "Default": "",
      "DisplayName": "DIGroupID",
      "Id": null,
      "IsHidden": false,
      "IsVertical": false,
      "IsVisibleAsChild": false,
      "Order": 0,
      "TemplateName": "DIGroupID",
      "Value": "",
      "Column": "Id",
      "Custom": "",
      "DefaultOperator": "=",
      "IsMultiChoice": false,
      "OperatorOptional": false
    }
  ],
  "ShowNullAsWhitespace": true,
  "TimeZoneOffset": -240
}