{
  "__type": "QueryView:#CompAnalytics.Contracts.QueryView",
  "AllowMultiExpansion": false,
  "AutoRun": true,
  "AutoRunOnInputChange": false,
  "ChildQueryViewConnections": [],
  "ColumnDefinitions": [
    {
      "__type": "ColumnDefinition:#CompAnalytics.Contracts.QueryView",
      "Exclude": false,
      "Index": 0,
      "Name": "Id",
      "OriginalIndex": 0,
      "Type": "System.Int32",
      "UniqueName": "Id-0"
    },
    {
      "__type": "ColumnDefinition:#CompAnalytics.Contracts.QueryView",
      "Exclude": false,
      "Index": 1,
      "Name": "Run Id",
      "OriginalIndex": 1,
      "Type": "System.Int32",
      "UniqueName": "Run Id-1"
    },
    {
      "__type": "ColumnDefinition:#CompAnalytics.Contracts.QueryView",
      "Exclude": false,
      "Index": 2,
      "Name": "Run Date",
      "OriginalIndex": 2,
      "Type": "System.String",
      "UniqueName": "Run Date-2"
    },
    {
      "__type": "ColumnDefinition:#CompAnalytics.Contracts.QueryView",
      "Exclude": false,
      "Index": 3,
      "Name": "Value",
      "OriginalIndex": 3,
      "Type": "System.String",
      "UniqueName": "Value-3"
    },
    {
      "__type": "ColumnDefinition:#CompAnalytics.Contracts.QueryView",
      "Exclude": false,
      "Index": 4,
      "Name": "DataFlowID",
      "OriginalIndex": 4,
      "Type": "System.Int32",
      "UniqueName": "DataFlowID-4"
    }
  ],
  "CountQueryString": "",
  "DbConnectionId": null,
  "DbConnectionName": null,
  "Description": "Gets Rule Log Containers for specific run.",
  "Id": null,
  "InfiniteScroll": false,
  "IsOwner": false,
  "LiteralInputs": [],
  "Name": "DIRuleLogContainer",
  "OrderClause": [],
  "OutputType": "grid",
  "PagingOptions": {
    "__type": "PagingOptions:#CompAnalytics.Contracts.QueryView",
    "AutoPaging": false,
    "DefaultOrderClause": "1",
    "FullPaging": false,
    "LimitPaging": false,
    "PageLimit": 50,
    "PageNum": 1
  },
  "Permissions": null,
  "QueryString": "SELECT\nrlc.Id,\nrlc.RunId AS 'Run Id',\nFORMAT(rlc.RunDate, 'dd/MM/yyyy, hh:mm tt') AS 'Run Date',\nrc.Value,\ndir.DataFlowID\nFROM RuleLogContainers AS rlc\nJOIN\nRecordCategories as rc\nON\nrlc.RunStatus_Id = rc.Id\nJOIN\nDIRules AS dir\nON\ndir.Id = rlc.DIRuleId\nWHERE\n1=1\n{{DIRuleId}}\nORDER BY rlc.RunDate DESC",
  "QueryTimeout": null,
  "QueryViewActions": [],
  "QueryViewLinks": [
    {
      "__type": "QueryViewLink:#CompAnalytics.Contracts.QueryView",
      "HideIfDefault": false,
      "HideTemplateColumn": false,
      "IsDefault": false,
      "LinkTemplate": "./Designer.aspx?runId={{RunId}}",
      "Name": "Run Link",
      "Order": 0,
      "QueryViewId": null
    }
  ],
  "SearchInputs": [
    {
      "__type": "SearchInput:#CompAnalytics.Contracts.QueryView",
      "AcceptParentOverride": false,
      "ChoiceQuery": "SELECT DISTINCT Id FROM DIRules",
      "DataType": "Number",
      "Default": "",
      "DisplayName": "DIRuleId",
      "Id": null,
      "IsHidden": false,
      "IsVertical": false,
      "IsVisibleAsChild": false,
      "Order": 0,
      "TemplateName": "DIRuleId",
      "Value": "",
      "Column": "DIRuleId",
      "Custom": "",
      "DefaultOperator": "=",
      "IsMultiChoice": false,
      "OperatorOptional": false
    }
  ],
  "ShowNullAsWhitespace": true,
  "TimeZoneOffset": -240
}