{
  "__type": "QueryView:#CompAnalytics.Contracts.QueryView",
  "AllowMultiExpansion": false,
  "AutoRun": true,
  "AutoRunOnInputChange": false,
  "ChildQueryViewConnections": [],
  "ColumnDefinitions": [],
  "CountQueryString": "",
  "DbConnectionId": null,
  "DbConnectionName": null,
  "Description": "Gets the rule logs for runs based on ID.",
  "Id": null,
  "InfiniteScroll": false,
  "IsOwner": false,
  "LiteralInputs": [],
  "Name": "DIRuleLogs",
  "OrderClause": [],
  "OutputType": "grid",
  "PagingOptions": {
    "__type": "PagingOptions:#CompAnalytics.Contracts.QueryView",
    "AutoPaging": false,
    "DefaultOrderClause": "1",
    "FullPaging": false,
    "LimitPaging": false,
    "PageLimit": 50,
    "PageNum": 1
  },
  "Permissions": null,
  "QueryString": "SELECT\nrl.Value,\nrl.Message,\nCASE\n\tWHEN rl.Status = 0 THEN 'Failure'\n\tWHEN rl.Status = 1 THEN 'Success'\nEND AS Status\nFROM RuleLogs as rl\nWHERE 1=1\n{{RuleLogContainerId}}\nORDER BY rl.Id ASC",
  "QueryTimeout": null,
  "QueryViewActions": [],
  "QueryViewLinks": [],
  "SearchInputs": [
    {
      "__type": "SearchInput:#CompAnalytics.Contracts.QueryView",
      "AcceptParentOverride": false,
      "ChoiceQuery": "SELECT DISTINCT Id FROM RuleLogContainers ORDER BY Id ASC",
      "DataType": "Number",
      "Default": "1",
      "DisplayName": "RuleLogContainerId",
      "Id": null,
      "IsHidden": false,
      "IsVertical": false,
      "IsVisibleAsChild": false,
      "Order": 0,
      "TemplateName": "RuleLogContainerId",
      "Value": "",
      "Column": "RuleLogContainerId",
      "Custom": "",
      "DefaultOperator": "=",
      "IsMultiChoice": false,
      "OperatorOptional": false
    }
  ],
  "ShowNullAsWhitespace": true,
  "TimeZoneOffset": -240
}