{
  "__type": "QueryView:#CompAnalytics.Contracts.QueryView",
  "AllowMultiExpansion": false,
  "AutoRun": true,
  "AutoRunOnInputChange": false,
  "ChildQueryViewConnections": [],
  "ColumnDefinitions": [
    {
      "__type": "ColumnDefinition:#CompAnalytics.Contracts.QueryView",
      "Exclude": false,
      "Index": 0,
      "Name": "Id",
      "OriginalIndex": 0,
      "Type": "System.Int32",
      "UniqueName": "Id-0"
    },
    {
      "__type": "ColumnDefinition:#CompAnalytics.Contracts.QueryView",
      "Exclude": false,
      "Index": 1,
      "Name": "Rule Name",
      "OriginalIndex": 1,
      "Type": "System.String",
      "UniqueName": "Rule Name-1"
    },
    {
      "__type": "ColumnDefinition:#CompAnalytics.Contracts.QueryView",
      "Exclude": false,
      "Index": 2,
      "Name": "Description",
      "OriginalIndex": 2,
      "Type": "System.String",
      "UniqueName": "Description-2"
    },
    {
      "__type": "ColumnDefinition:#CompAnalytics.Contracts.QueryView",
      "Exclude": false,
      "Index": 3,
      "Name": "Rule Enabled",
      "OriginalIndex": 3,
      "Type": "System.String",
      "UniqueName": "Rule Enabled-3"
    },
    {
      "__type": "ColumnDefinition:#CompAnalytics.Contracts.QueryView",
      "Exclude": false,
      "Index": 4,
      "Name": "DataFlow",
      "OriginalIndex": 4,
      "Type": "System.Int32",
      "UniqueName": "DataFlow-4"
    },
    {
      "__type": "ColumnDefinition:#CompAnalytics.Contracts.QueryView",
      "Exclude": false,
      "Index": 5,
      "Name": "Frequency",
      "OriginalIndex": 5,
      "Type": "System.String",
      "UniqueName": "Frequency-5"
    },
    {
      "__type": "ColumnDefinition:#CompAnalytics.Contracts.QueryView",
      "Exclude": false,
      "Index": 6,
      "Name": "Time Info",
      "OriginalIndex": 6,
      "Type": "System.String",
      "UniqueName": "Time Info-6"
    },
    {
      "__type": "ColumnDefinition:#CompAnalytics.Contracts.QueryView",
      "Exclude": false,
      "Index": 7,
      "Name": "Last Run Date",
      "OriginalIndex": 7,
      "Type": "System.String",
      "UniqueName": "Last Run Date-7"
    },
    {
      "__type": "ColumnDefinition:#CompAnalytics.Contracts.QueryView",
      "Exclude": false,
      "Index": 8,
      "Name": "Last Status",
      "OriginalIndex": 8,
      "Type": "System.String",
      "UniqueName": "Last Status-8"
    }
  ],
  "CountQueryString": "",
  "DbConnectionId": null,
  "DbConnectionName": null,
  "Description": "Fetches the rules associated with the passed in DIGroupID for the webapp",
  "Id": null,
  "InfiniteScroll": false,
  "IsOwner": false,
  "LiteralInputs": [],
  "Name": "DIRules",
  "OrderClause": [],
  "OutputType": "grid",
  "PagingOptions": {
    "__type": "PagingOptions:#CompAnalytics.Contracts.QueryView",
    "AutoPaging": false,
    "DefaultOrderClause": "1",
    "FullPaging": false,
    "LimitPaging": false,
    "PageLimit": 50,
    "PageNum": 1
  },
  "Permissions": null,
  "QueryString": "SELECT \ndir.Id,\ndir.RuleName AS 'Rule Name', \ndir.RuleDescription AS 'Description',\nCASE\n\tWHEN dir.RuleEnabled = 1 THEN 'Yes'\n\tWHEN dir.RuleEnabled = 0 THEN 'No'\nEND AS 'Rule Enabled',\ndir.DataFlowID AS 'DataFlow',\nfc.Value AS 'Frequency',\nCASE\n\tWHEN fc.Value = 'Hourly' THEN 'Hourly'\n    WHEN fc.Value = 'Daily' THEN CONCAT(dir.Hour,':00')\n    WHEN fc.Value = 'Weekly' THEN CONCAT(dc.Value,'''s at ',dir.Hour,':00')\n    WHEN fc.Value = 'Monthly' THEN CONCAT('Day ',dir.Day,' at ',dir.Hour,':00')\n    WHEN fc.Value = 'First Week' THEN CONCAT('First ',dc.Value,' of every month at ',dir.Hour,':00')\n    WHEN fc.Value = 'Last Week' THEN CONCAT('Last ',dc.Value,' of every month at ',dir.Hour,':00')\nEND AS 'Time Info',\nFORMAT(sq.RunDate, 'dd/MM/yyyy, hh:mm tt') AS 'Last Run Date',\nCASE\n\tWHEN sq.LastStatus = 'Success' THEN 'Success'\n   \tWHEN sq.LastStatus = 'Failure' THEN 'Failure'\n    WHEN sq.LastStatus IS NULL THEN 'Never Run'\nEND AS 'Last Status'\nFROM \nDIRules AS dir\nJOIN\nFrequencyCategories AS fc\nON\ndir.Frequency_Id = fc.Id\nJOIN DayCategories as dc\nON\ndir.WeekDay_Id = dc.Id\nFULL JOIN\n(\n  SELECT\n  s.DIRuleId,\n  s.RunDate,\n  s.LastStatus\n  FROM\n  (\n    SELECT\n    rlc.Id,\n    rlc.DIRuleId,\n    rlc.RunDate,\n    rc.Value AS LastStatus,\n    ROW_NUMBER() OVER (PARTITION BY rlc.DIRuleID ORDER BY rlc.Id DESC) AS SortId\n    FROM \n    RuleLogContainers AS rlc\n    JOIN\n    RecordCategories as rc\n    ON\n    rlc.RunStatus_Id = rc.Id\n  ) AS s\n  WHERE\n  s.SortId = 1\n)\nAS sq\nON\nsq.DIRuleId = dir.Id\nWHERE 1=1\n{{DIGroupId}}\nORDER BY dir.Id ASC",
  "QueryTimeout": null,
  "QueryViewActions": [],
  "QueryViewLinks": [],
  "SearchInputs": [
    {
      "__type": "SearchInput:#CompAnalytics.Contracts.QueryView",
      "AcceptParentOverride": false,
      "ChoiceQuery": "SELECT DISTINCT Id FROM DIGroups ORDER BY Id ASC;",
      "DataType": "Number",
      "Default": "",
      "DisplayName": "DIGroupId",
      "Id": null,
      "IsHidden": false,
      "IsVertical": false,
      "IsVisibleAsChild": false,
      "Order": 0,
      "TemplateName": "DIGroupId",
      "Value": "",
      "Column": "DIGroupId",
      "Custom": "",
      "DefaultOperator": "=",
      "IsMultiChoice": false,
      "OperatorOptional": false
    }
  ],
  "ShowNullAsWhitespace": true,
  "TimeZoneOffset": -240
}